true\pred,airport,airport_hangar,airport_terminal,amusement_park,aquaculture,archaeological_site,barn,border_checkpoint,burial_site,car_dealership,construction_site,crop_field,dam,debris_or_rubble,educational_institution,electric_substation,factory_or_powerplant,fire_station,flooded_road,fountain,gas_station,golf_course,ground_transportation_station,helipad,hospital,impoverished_settlement,interchange,lake_or_pond,lighthouse,military_facility,multi-unit_residential,nuclear_powerplant,office_building,oil_or_gas_facility,park,parking_lot_or_garage,place_of_worship,police_station,port,prison,race_track,railway_bridge,recreational_facility,road_bridge,runway,shipyard,shopping_mall,single-unit_residential,smokestack,solar_farm,space_facility,stadium,storage_tank,surface_mine,swimming_pool,toll_booth,tower,tunnel_opening,waste_disposal,water_treatment_facility,wind_farm,zoo
airport,433,0,0,0,0,0,0,0,0,0,0,0,0,0,0,0,0,0,0,0,0,0,0,0,0,1,0,0,0,0,0,1,0,0,0,1,0,0,13,0,0,0,0,0,4,0,0,0,0,0,0,0,0,0,0,0,0,0,0,0,0,0
airport_hangar,0,728,129,0,0,0,44,0,0,9,0,16,0,0,3,2,2,8,0,1,4,0,3,17,1,0,0,0,8,71,0,0,0,6,0,13,2,0,0,1,1,0,0,0,0,0,2,3,8,0,0,0,14,2,6,1,12,0,1,5,0,0
airport_terminal,0,151,700,0,0,0,26,0,0,2,0,4,0,0,4,5,3,6,0,0,1,0,5,1,4,0,0,0,0,4,0,0,3,5,0,26,2,0,0,0,7,0,0,0,0,0,21,0,8,0,0,2,6,0,0,2,1,3,2,0,0,0
amusement_park,0,0,0,1219,0,4,2,0,0,0,3,1,0,3,9,2,1,0,0,12,0,0,9,4,7,14,0,0,9,8,0,0,1,0,1,7,0,0,4,0,7,0,21,0,6,0,2,1,4,0,5,0,11,6,3,0,3,0,4,0,0,25
aquaculture,0,0,0,0,437,0,0,0,0,0,0,39,0,0,0,0,0,0,0,0,0,1,0,0,0,0,0,10,3,0,0,0,0,0,0,0,0,0,0,0,0,0,0,0,0,0,0,0,0,0,0,0,0,0,0,0,0,0,0,8,0,0
archaeological_site,0,7,4,0,0,298,28,4,9,0,3,92,1,0,0,4,0,0,0,5,0,3,9,2,0,0,0,0,23,43,0,0,0,12,0,1,0,0,0,0,15,0,29,0,0,0,0,1,0,7,0,0,4,27,0,0,11,7,0,12,1,4
barn,0,29,1,0,2,6,1293,2,11,0,0,168,2,0,0,4,4,49,1,2,15,7,3,8,5,0,8,8,7,9,4,0,0,4,9,16,54,12,0,0,6,3,26,1,0,0,0,26,4,3,0,0,37,26,4,5,24,8,3,21,20,3
border_checkpoint,0,8,20,0,1,1,3,166,0,0,0,8,0,0,6,20,9,0,1,1,12,0,19,4,0,0,0,0,0,69,0,0,0,3,0,7,11,2,0,2,7,2,2,13,0,0,0,0,2,0,0,0,11,23,1,26,2,8,0,0,9,0
burial_site,0,0,0,4,0,5,42,0,571,3,0,69,9,0,6,20,7,26,15,2,0,9,2,1,1,0,0,1,7,18,0,0,0,24,17,30,58,1,0,14,24,0,41,2,0,0,0,26,0,1,0,0,3,10,9,0,18,4,9,29,10,3
car_dealership,0,16,9,0,0,0,11,0,2,904,1,0,0,0,1,10,1,30,0,9,102,0,32,2,2,0,0,0,0,0,0,0,16,0,0,64,5,20,0,2,2,10,11,0,0,0,73,1,4,9,0,0,9,0,1,6,1,0,3,0,0,4
construction_site,0,2,3,0,0,0,5,0,2,7,107,34,1,1,23,16,19,1,0,40,4,7,25,15,7,0,6,0,5,13,6,0,5,0,0,49,26,1,0,5,1,10,26,3,0,0,35,21,23,1,0,11,27,5,1,3,10,1,19,4,3,0
crop_field,0,3,0,3,19,28,89,2,14,0,0,6714,2,4,16,5,2,2,3,5,6,13,4,3,0,0,2,3,13,55,0,0,6,49,4,12,33,0,0,0,47,3,41,18,0,0,2,4,0,4,0,0,20,27,0,1,58,15,4,20,3,3
dam,0,0,0,0,0,2,6,0,0,0,2,11,980,1,0,3,21,0,14,10,0,9,1,0,0,0,0,12,18,6,0,0,0,5,2,3,4,0,0,0,0,6,2,45,0,0,0,0,0,0,0,0,0,11,0,0,0,4,1,4,0,0
debris_or_rubble,0,0,3,0,0,8,9,3,1,0,0,30,15,26,8,24,0,0,0,2,0,1,1,7,13,0,0,3,1,5,15,0,0,24,6,4,11,2,0,1,9,0,0,3,0,0,0,19,7,0,0,0,1,6,1,0,16,0,23,4,3,0
educational_institution,0,3,16,2,0,0,29,0,2,10,16,15,6,0,732,5,7,43,0,57,36,4,51,40,94,0,0,0,8,30,33,0,37,0,14,164,317,19,0,17,12,1,186,0,0,0,20,7,11,0,0,16,16,4,55,15,4,11,6,4,0,6
electric_substation,0,14,4,0,0,0,51,0,12,6,12,13,0,0,3,783,31,30,0,16,13,0,19,27,5,0,2,0,8,15,0,0,1,33,9,31,19,0,0,4,12,3,26,4,0,0,6,9,25,6,0,4,17,48,0,7,61,2,25,15,9,1
factory_or_powerplant,0,10,5,3,4,9,17,4,0,5,5,3,61,0,13,25,329,5,10,14,3,0,26,0,8,0,0,1,12,32,3,0,3,6,0,31,12,1,0,0,10,4,20,13,0,0,5,1,50,80,0,2,44,21,4,3,8,4,15,7,1,0
fire_station,0,32,17,1,0,0,129,1,24,50,0,23,0,0,6,18,3,323,1,48,35,1,36,15,44,0,0,0,0,2,13,0,43,4,0,149,181,29,0,1,7,2,21,5,0,0,2,53,9,0,0,0,14,1,13,6,9,2,21,9,6,7
flooded_road,0,0,0,0,3,2,0,0,0,1,0,32,3,0,0,2,1,0,280,0,0,0,1,0,0,0,6,2,5,0,0,0,4,0,0,2,0,1,0,1,6,6,1,30,0,0,0,0,0,0,0,0,1,8,0,0,0,0,0,1,2,0
fountain,0,0,1,7,2,0,16,0,7,1,3,20,12,4,18,8,1,25,0,615,15,31,32,10,20,0,1,5,3,8,15,0,8,0,33,64,66,28,0,0,9,4,50,19,0,0,38,27,4,0,0,1,5,4,6,6,3,1,2,3,0,16
gas_station,0,12,17,0,0,0,7,1,1,85,0,1,0,0,17,10,1,61,7,14,578,0,80,2,11,0,0,0,0,0,1,0,27,8,0,85,51,2,0,0,2,18,1,3,0,0,6,8,0,0,0,0,13,0,5,25,0,1,7,1,0,0
golf_course,0,0,0,0,0,3,4,0,0,0,0,13,2,0,0,0,0,0,0,7,0,598,0,1,0,0,0,2,1,0,0,0,0,2,5,2,0,0,0,0,1,0,17,0,0,0,0,0,0,1,0,0,0,0,0,1,0,1,0,5,0,0
ground_transportation_station,0,6,8,2,0,0,18,1,5,62,2,4,3,0,33,7,1,23,2,47,74,0,1063,8,12,0,5,2,2,38,3,0,15,0,21,108,88,9,0,0,2,73,17,9,0,0,62,23,12,16,0,15,10,3,21,72,9,21,14,1,2,0
helipad,0,20,35,3,0,1,7,0,7,15,12,23,0,0,18,24,0,13,0,19,7,1,8,298,31,0,9,0,40,46,0,0,2,7,0,66,19,0,0,6,34,0,68,1,0,0,12,4,5,1,0,0,43,5,3,5,18,3,18,1,0,1
hospital,0,1,16,0,2,3,6,6,18,5,7,3,0,0,101,7,0,10,0,20,42,0,26,64,263,0,0,0,0,17,25,0,17,2,3,63,129,33,0,19,0,2,8,0,0,0,42,40,20,4,0,0,4,0,16,1,4,3,8,3,0,0
impoverished_settlement,1,0,0,12,0,0,0,0,0,0,0,0,0,0,0,0,0,0,0,0,0,0,0,0,0,280,0,0,0,0,0,0,0,0,0,0,0,0,0,0,0,0,0,0,0,0,0,0,0,0,0,0,0,0,0,0,0,0,0,0,0,0
interchange,0,0,0,0,0,0,1,0,0,1,0,1,0,0,0,0,0,0,1,25,1,1,3,1,0,0,547,0,1,2,2,0,0,0,0,2,2,0,0,0,2,19,8,40,0,0,0,0,0,0,0,0,11,0,0,25,4,4,0,0,0,0
lake_or_pond,0,0,0,0,0,0,10,0,0,0,0,12,35,0,0,0,0,0,3,8,0,5,0,1,1,0,0,120,0,1,0,0,0,19,0,0,0,0,0,0,3,3,2,2,0,0,0,0,0,0,0,0,0,31,0,0,11,0,0,21,1,0
lighthouse,0,1,2,0,12,2,7,2,0,0,0,6,5,0,2,2,2,0,0,6,0,7,2,0,0,0,0,3,794,21,0,0,0,4,0,4,1,0,0,0,10,1,9,0,0,0,0,12,0,0,0,0,2,9,1,0,20,1,0,5,1,4
military_facility,0,48,20,4,1,5,42,3,14,16,6,47,1,2,64,33,20,17,3,24,12,5,27,40,32,0,0,1,48,1581,40,0,4,26,4,37,156,36,0,33,10,1,59,5,0,0,1,60,35,0,0,0,24,60,1,7,74,4,7,39,1,2
multi-unit_residential,0,0,5,0,0,0,7,0,0,0,8,21,0,0,7,5,0,2,0,14,3,0,23,2,12,0,0,0,0,75,754,0,6,1,6,13,215,2,0,0,0,0,2,0,0,0,3,536,6,0,0,0,5,3,19,0,40,0,2,0,1,0
nuclear_powerplant,0,0,0,0,0,0,0,0,0,0,0,0,0,0,0,0,0,0,0,0,0,0,0,0,0,0,0,0,0,0,0,61,0,0,0,0,0,0,11,0,0,0,0,0,0,0,0,0,0,0,0,0,0,0,0,0,0,0,0,0,0,0
office_building,0,3,1,1,0,0,83,3,2,116,6,9,0,0,49,24,4,81,1,21,55,0,65,5,47,0,0,0,5,37,12,0,114,0,5,101,120,14,0,6,10,9,9,4,0,0,41,16,26,3,0,3,6,9,18,5,6,0,31,3,4,0
oil_or_gas_facility,0,0,4,0,0,3,14,1,0,0,4,28,3,0,0,20,4,0,0,7,0,0,0,0,1,0,0,8,3,19,0,0,0,1309,2,7,1,0,0,0,1,0,10,1,0,0,0,0,0,0,0,1,15,28,0,0,20,2,1,22,4,0
park,0,1,0,3,0,1,22,0,15,0,5,32,15,0,28,0,1,5,4,114,2,12,8,15,10,0,1,2,6,1,10,0,0,2,291,14,65,9,0,1,12,7,131,2,0,0,0,39,1,1,0,0,0,1,19,0,15,3,4,1,0,1
parking_lot_or_garage,0,4,11,2,2,0,23,0,22,107,18,25,2,0,126,51,6,49,7,78,44,2,122,56,14,0,5,0,12,10,36,0,26,8,21,1208,72,35,0,3,11,14,68,28,0,0,104,31,9,21,0,4,23,15,23,27,19,4,43,10,9,1
place_of_worship,0,15,0,8,0,5,94,2,21,34,5,42,1,1,106,18,4,63,2,58,53,3,14,8,56,0,1,2,10,100,201,0,31,0,29,125,2465,48,0,7,3,4,102,2,0,0,11,232,14,10,0,12,17,7,86,23,90,14,5,2,0,9
police_station,0,2,0,0,0,0,21,11,9,9,4,22,0,0,40,40,8,114,0,76,28,2,52,9,57,0,8,0,3,45,53,0,14,0,1,120,183,103,0,7,3,13,52,1,0,0,18,30,31,2,0,3,16,7,28,11,10,1,25,5,3,2
port,26,0,0,1,0,0,0,0,0,0,0,0,0,0,0,0,0,0,0,0,0,0,0,0,0,0,0,0,0,0,0,0,0,0,0,0,0,0,468,0,0,0,0,0,0,8,0,0,0,0,0,0,0,0,0,0,0,0,0,0,0,0
prison,0,7,6,6,0,0,13,0,1,5,1,2,0,0,37,9,21,14,0,7,6,2,10,22,89,0,0,0,8,34,33,0,4,0,0,32,23,16,0,344,3,0,52,0,0,0,2,30,23,1,0,1,9,5,0,2,3,0,14,3,0,1
race_track,0,8,7,22,2,4,8,0,29,18,1,85,6,0,0,12,5,0,0,19,3,7,5,3,1,0,0,3,4,9,0,0,4,2,2,6,1,1,0,0,631,2,89,2,0,0,3,1,0,0,0,5,11,55,0,14,18,1,10,9,0,2
railway_bridge,0,0,1,2,0,1,5,5,0,8,0,2,10,0,10,3,3,0,0,12,4,0,6,0,0,0,34,0,5,11,1,0,2,0,1,23,10,2,0,0,8,520,3,128,0,0,1,1,0,10,0,0,9,3,3,0,5,46,7,1,1,0
recreational_facility,0,4,3,1,0,13,55,1,15,1,1,76,1,0,103,20,8,29,1,61,10,25,12,60,11,0,10,11,6,26,12,0,1,1,42,132,92,12,0,2,80,2,4748,0,0,0,2,17,0,5,0,83,9,23,49,2,15,2,3,11,1,2
road_bridge,0,0,0,0,0,1,12,1,5,1,0,5,4,0,0,4,0,2,5,6,10,0,0,1,0,0,121,0,3,0,0,0,6,1,7,30,23,5,0,0,0,144,18,703,0,0,0,0,0,0,0,0,2,2,2,6,1,36,0,11,0,0
runway,5,0,0,69,0,0,0,0,0,0,0,0,0,0,0,0,0,0,0,0,0,0,0,0,0,1,0,0,0,0,0,0,0,0,0,3,0,0,1,0,0,0,0,0,623,0,0,0,0,0,0,0,0,0,0,0,0,0,0,0,0,0
shipyard,0,0,0,0,0,0,0,0,0,0,0,0,0,0,0,0,0,0,0,0,0,0,0,0,0,0,0,0,0,0,0,0,0,0,0,0,0,0,114,0,0,0,0,0,0,11,0,0,0,0,0,0,0,0,0,0,0,0,0,0,0,0
shopping_mall,0,15,1,0,0,0,0,0,2,54,12,3,0,0,17,0,23,3,0,7,12,0,48,6,7,0,3,0,0,15,3,0,10,0,1,66,9,12,0,6,9,1,5,1,0,0,644,1,8,1,0,14,5,5,0,1,3,5,13,0,0,0
single-unit_residential,0,0,1,0,0,1,28,5,2,0,0,56,0,0,1,8,1,2,5,0,8,2,25,1,10,0,0,0,18,59,239,0,2,1,1,28,144,7,0,3,0,0,5,3,0,0,2,2482,0,0,0,0,8,2,52,0,62,2,0,1,0,0
smokestack,0,21,6,0,3,0,38,2,0,8,6,8,0,2,27,37,46,33,0,6,12,0,32,7,11,0,0,0,1,15,21,0,4,9,0,31,8,1,0,23,3,2,2,0,0,0,10,19,336,0,0,0,61,29,0,1,10,10,9,9,0,1
solar_farm,0,9,0,0,0,5,19,0,0,1,0,46,0,0,0,5,1,0,0,0,5,0,1,4,0,0,0,0,0,0,0,0,0,1,0,7,4,5,0,0,4,8,22,0,0,0,13,0,0,1604,0,0,6,0,2,0,2,1,1,1,3,4
space_facility,0,0,0,1,0,0,0,0,0,0,0,0,0,0,0,0,0,0,0,0,0,0,0,0,0,0,0,0,0,0,0,0,0,0,0,1,0,0,0,0,0,0,0,0,5,0,0,0,0,0,71,0,0,0,0,0,0,0,0,0,0,0
stadium,0,1,0,0,0,0,0,0,0,1,19,0,0,0,16,0,0,0,0,1,0,0,0,0,2,0,0,1,0,0,1,0,0,0,1,7,2,0,0,1,10,0,119,0,0,0,7,1,0,0,0,654,5,0,4,1,0,1,0,1,0,0
storage_tank,0,30,3,2,0,0,103,4,1,15,2,20,0,0,5,15,13,9,0,16,7,0,8,3,6,0,0,0,12,21,5,0,7,23,5,24,26,4,0,7,3,0,18,0,0,0,3,12,40,0,0,0,785,14,0,4,21,9,10,62,0,0
surface_mine,0,3,2,0,0,12,1,2,16,1,2,77,9,0,0,11,5,0,3,1,1,1,0,0,0,0,0,6,4,12,0,0,0,69,2,5,3,0,0,0,21,1,2,0,0,0,0,1,0,3,0,0,8,1099,1,0,3,31,6,24,7,0
swimming_pool,0,1,0,1,0,0,9,0,3,2,2,25,1,0,2,14,0,6,0,9,1,9,2,6,5,0,0,0,32,24,14,0,0,0,14,14,42,7,0,12,6,0,97,0,0,0,0,22,0,6,0,0,2,5,1102,0,20,0,3,1,0,4
toll_booth,0,1,3,0,0,0,2,3,0,4,0,0,0,0,2,0,0,0,0,0,6,0,16,1,0,0,53,0,8,13,0,0,1,0,0,5,19,3,0,0,3,1,2,29,0,0,10,1,0,0,0,0,0,0,1,969,0,9,0,0,0,0
tower,0,4,18,5,4,13,64,6,10,13,4,190,6,3,10,36,6,1,5,15,14,2,22,24,2,0,3,0,24,98,46,0,0,14,4,12,87,4,0,5,17,8,30,7,0,0,1,75,33,6,0,0,26,6,9,0,710,1,4,10,64,0
tunnel_opening,0,0,0,0,1,0,0,0,0,0,0,7,6,0,1,2,1,1,2,2,1,0,0,1,0,0,22,0,2,16,0,0,0,0,2,4,7,0,0,0,4,20,1,31,0,0,0,1,0,0,0,0,1,2,0,5,0,1497,0,0,7,1
waste_disposal,0,8,3,0,0,0,26,1,22,21,7,7,0,0,8,29,8,17,0,43,45,9,23,1,9,0,1,1,0,7,16,0,1,6,1,65,7,0,0,5,24,12,4,0,0,0,10,16,35,1,0,0,16,19,0,3,5,1,363,18,0,0
water_treatment_facility,0,0,0,4,2,5,79,1,23,1,0,47,21,0,11,17,35,4,0,7,6,7,12,4,1,0,0,7,1,12,0,0,0,1,0,17,4,0,0,5,19,0,20,4,0,0,0,8,13,7,0,0,29,23,1,1,26,1,15,1002,4,0
wind_farm,0,1,0,0,2,5,6,6,1,0,0,14,0,3,0,4,0,3,0,2,1,1,0,0,0,0,0,1,18,8,0,0,0,17,0,2,0,0,0,0,0,2,1,1,0,0,0,0,0,0,0,0,4,21,0,4,16,5,0,0,1627,0
zoo,0,0,0,4,1,0,12,0,0,0,0,8,4,0,11,0,0,0,0,15,0,13,1,0,2,0,0,6,0,3,3,0,0,1,3,11,16,0,0,1,18,11,12,2,0,0,1,0,0,0,0,0,4,2,12,7,8,1,0,6,0,156
